<?xml version="1.0" encoding="UTF-8"?>
<gml:FeatureCollection gml:id="SHP1" xmlns="http://www.w3.org/2001/XMLSchema" xmlns:fsdf-abt="http://anzlic.com.au/themes/ab/abt" xmlns:wfs="http://www.opengis.net/wfs/2.0" xmlns:xsi="http://www.w3.org/2001/XMLSchema-instance" xmlns:xlink="http://www.w3.org/1999/xlink" xmlns:gml="http://www.opengis.net/gml/3.2" xmlns:gco="http://www.isotc211.org/2005/gco" xmlns:gmd="http://www.isotc211.org/2005/gmd" xsi:schemaLocation="http://anzlic.com.au/themes/ab/abt C:\Repos\FSDF\fsdf-au\trunk\Schema\AdminBoundaryTopology.xsd
                http://www.opengis.net/gml/3.2 http://schemas.opengis.net/gml/3.2.1/gml.xsd
                  http://www.isotc211.org/2005/gmd http://schemas.opengis.net/iso/19139/20070417/gmd/gmd.xsd
                http://www.isotc211.org/2005/gco http://schemas.opengis.net/iso/19139/20070417/gco/gco.xsd
                      ">
	<!-- Example FSDF Administrative Boundaries Topology Data Product instance for eReef related marine water quality regions. -->
	<!-- Annotated instance documented generated by Bruce Simons, CLW CSIRO, March 2014 -->
	<!-- ################################################## -->
	<!-- Each Region/Class (e.g. Burdekin/Midshelf, Burdekin/Offshore, Fitzroy/Midshelf, ... combination will be a unique gml:featureMember -->
	<!-- The first gml:featuremember is an example of the  Burdekin/Midshelf boundary -->
	<gml:featureMember>
		<!-- Each feature will require a unique gml:id. I suggest concatanating "GBRMPA_"[Region]"_"[Class] -->
		<fsdf-abt:GovernanceUnit gml:id="GBRMPA_Burdekin_Midshelf">
			<!-- gml:description from the abstract property -->
			<gml:description>The GBRMPA delineation as published in the guidelines are:
"	Enclosed Coastal  (Queensland Water Quality Guidelines)
"	Open Coastal (AIMS description of coastal water body relative distance from Research Publication no.89)
"	Midshelf (AIMS description of inner shelf water body relative distance from Research Publication no.89)
"	Offshsore (AIMS description of relative distance from Research Publication no.89)
Coral Sea taken from DEWHA definition of current Coral Sea Conservation Park</gml:description>
			<!-- Each feature requires a resolvable identifier -->
			<!-- The codeSpace should be a URI for the authority (Suggestions Nick?) -->
			<!-- The gml:identifier value should be a URI to the feature, that is the WFS delivering this feature -->
			<gml:identifier codeSpace="http://ereefs...">http://ereefs[...]/GBRMPA_Burdekin_Midshelf</gml:identifier>
			<!-- gml:name is a human readable name of the feature -->
			<!-- concatanate [Region]" "[Class" -->
			<gml:name codeSpace="http://ereefs...">Burdekin Midshelf</gml:name>
			<!-- Theb terms available for  unitType are inappropriate for the eReefs boundaries. I've escaped the enumeration using "other: [term]". -->
			<fsdf-abt:unitType>other: marine</fsdf-abt:unitType>
			<!-- I've included the relationship between the Burdekin/Midshelf boundary and the Burdekin/Offshore boundary as an example of adjacent spatial relationships. This probably should actually be encoded as:
 Offshore adjacent Midshelf adjacent Open Coastal adjacent Near-shore adjacent NRM Region -->
			<fsdf-abt:knownSpatialRelationship>
				<fsdf-abt:UnitSpatialRelationship gml:id="Burdekin_Midshelf-Burdekin_Offshore_relationship">
					<fsdf-abt:spatialRelationshipType>adjacent</fsdf-abt:spatialRelationshipType>
					<fsdf-abt:targetUnit xlink:href="http://ereefs[...]/GBRMPA_Burdekin_Offshore">
			</fsdf-abt:targetUnit>
				</fsdf-abt:UnitSpatialRelationship>
			</fsdf-abt:knownSpatialRelationship>
			<fsdf-abt:currentDefinedVersion>
				<!-- VersionDefinition gml:id identifies the version of geometry for this boundary. Use "GBRMPA_"[Region]"_"[Class]"_2010" -->
				<fsdf-abt:VersionDefinition gml:id="GBRMPA_Burdekin_Midshelf_2010">
					<!-- only option in FSDF model at the moment is "creation". If it is someting elses use "other: "[term] -->
					<fsdf-abt:definitionType>creation</fsdf-abt:definitionType>
					<fsdf-abt:hasRepresentation>
						<!-- GeometryReptresentation gml:id is the ID for the geometry. I'm not sure what field this is in the database -->
						<fsdf-abt:GeometryRepresentation gml:id="ESRI_1">
							<fsdf-abt:geometryRepresentation>
								<!-- ID for the polygon from the database -->
								<gml:Polygon gml:id="ESRI_Shape_1">
									<!-- geometry co-ordinates go in here -->
								</gml:Polygon>
							</fsdf-abt:geometryRepresentation>
						</fsdf-abt:GeometryRepresentation>
					</fsdf-abt:hasRepresentation>
				</fsdf-abt:VersionDefinition>
			</fsdf-abt:currentDefinedVersion>
			<!-- I'm assuming that this is the second level in a hierarchy, with the catchment the top level (1) in the hierarchy -->
			<fsdf-abt:level>2</fsdf-abt:level>
			<!-- Need to have a vocabulary for the hierarchy. I'm using:
level 1 = "Natural Resource Management Region"
level 2 = "Marine Water Quality Region" -->
			<!-- There should be a vocabulary for this hierarchy with an appropriate vocabulary service at some URI -->
			<fsdf-abt:levelName xlink:href="some_eReefs_URI_for_a_term_in_the_Hierarchy_vocabulary" xlink:title="Marine Water Quality Region"/>
			<!-- fsdf-abt:higherLevelUnit provides an xlink:href to the higher unit in the hierarchy. I've provided a link to the Burdekin NRM region -->
			<fsdf-abt:higherLevelUnit xlink:href="http://ereefs[...]/GBRMPA_Burdekin"></fsdf-abt:higherLevelUnit>
			<fsdf-abt:hierarchy>
				<!-- The gml:id for the UnitHierarchy is the ID of the Hierarchy vocabulary -->
				<fsdf-abt:UnitHierarchy gml:id="eReefs_marine_boundary_hierarchy">
					<!-- gml:identifier:codeSpace needs to be an eReefs URI -->
					<!-- gml:identifier value needs to be URI to the name of the hierarchy -->
					<gml:identifier codeSpace="http://ereefs..t">http://ereefs/def/boundaries/eReefs_marine_boundary_hierarchy</gml:identifier>
					<!-- gml:name:codeSpace needs to be an eReefs URI -->
					<!-- gml:name value needs to  the name of the hierarchy -->
					<gml:name codeSpace="http://ereefs..">marine boundary hierarchy</gml:name>
				</fsdf-abt:UnitHierarchy>
			</fsdf-abt:hierarchy>
		</fsdf-abt:GovernanceUnit>
	</gml:featureMember>
	<gml:featureMember>
		<!-- Example feature for the NRM region. Each feature will require a unique gml:id. I suggest concatanating "GBRMPA_"[Region] -->
		<fsdf-abt:GovernanceUnit gml:id="GBRMPA_Burdekin">
			<!-- gml:description should be populated with some description of the NRM region -->
			<gml:description>some description of the NRM region</gml:description>
			<!-- Each feature requires a resolvable identifier -->
			<!-- The codeSpace should be a URI for the authority (Suggestions Nick?) -->
			<!-- The gml:identifier value should be a URI to the feature, that is the WFS delivering this feature -->
			<gml:identifier codeSpace="http://ereefs...">http://ereefs[...]/GBRMPA_Burdekin</gml:identifier>
			<!-- gml:name is a human readable name of the feature -->
			<!-- concatanate [Region]"  -->
			<gml:name codeSpace="http://ereefs...">Burdekin NRM region</gml:name>
			<!-- Theb terms available for  unitType are inappropriate for the eReefs boundaries. I've escaped the enumeration using "other: [term]". -->
			<fsdf-abt:unitType>other: NRM</fsdf-abt:unitType>
			<!-- I've included the spatial relationship between the Burdekin Natural Resource Management boundary and the Burdekin Estuarine water quality region as an example of adjacent spatial relationships.  -->
			<fsdf-abt:knownSpatialRelationship>
				<fsdf-abt:UnitSpatialRelationship gml:id="Burdekin-Burdekin_Estuarine_relationship">
					<fsdf-abt:spatialRelationshipType>adjacent</fsdf-abt:spatialRelationshipType>
					<fsdf-abt:targetUnit xlink:href="http://ereefs[...]/GBRMPA_Burdekin_Estuarine">
			</fsdf-abt:targetUnit>
				</fsdf-abt:UnitSpatialRelationship>
			</fsdf-abt:knownSpatialRelationship>
			<fsdf-abt:currentDefinedVersion>
				<!-- VersionDefinition gml:id identifies the version of geometry for this boundary. Use "NRM_"[Region]"_2010" -->
				<fsdf-abt:VersionDefinition gml:id="NRM_Burdekin_2010">
					<!-- only option in FSDF model at the moment is "creation". If it is someting else use "other: "[term] -->
					<fsdf-abt:definitionType>creation</fsdf-abt:definitionType>
					<fsdf-abt:hasRepresentation>
						<!-- GeometryReptresentation gml:id is the ID for the geometry. I'm not sure what field this is in the database -->
						<fsdf-abt:GeometryRepresentation gml:id="ESRI_2">
							<fsdf-abt:geometryRepresentation>
								<gml:Polygon gml:id="ESRI_Shape_2">
									<!-- geometry co-ordinates go in here -->
								</gml:Polygon>
							</fsdf-abt:geometryRepresentation>
						</fsdf-abt:GeometryRepresentation>
					</fsdf-abt:hasRepresentation>
				</fsdf-abt:VersionDefinition>
			</fsdf-abt:currentDefinedVersion>
			<!-- I'm assuming that this is the first level in a hierarchy -->
			<fsdf-abt:level>1</fsdf-abt:level>
			<!-- Need to have a vocabulary for the hierarchy. I'm using:
level 1 = "Natural Resource Management Region"
level 2 = "Marine Water Quality Region" -->
			<!-- There should be a vocabulary for this hierarchy with an appropriate vocabulary service at some URI -->
			<fsdf-abt:levelName xlink:href="some_eReefs_URI_for_a_term_in_the_Hierarchy_vocabulary" xlink:title="Natural Resource Management Region"/>
			<!-- fsdf-abt:lowerLevelUnit provides links to boundaries lower in the hierarchy -->
			<fsdf-abt:lowerLevelUnit xlink:href="http://ereefs[...]/GBRMPA_Burdekin_Estuarine"/>
			<fsdf-abt:lowerLevelUnit xlink:href="http://ereefs[...]/GBRMPA_Burdekin_OpenCoastal"/>
			<fsdf-abt:lowerLevelUnit xlink:href="http://ereefs[...]/GBRMPA_Burdekin_Midshelf"/>
			<fsdf-abt:lowerLevelUnit xlink:href="http://ereefs[...]/GBRMPA_Burdekin_Offshore"/>
<!-- The hierarchy is the same as that defined in the Burdekin_Midshelf unit so an internal xlink:href can be used -->			
			<fsdf-abt:hierarchy xlink:href="#eReefs_marine_boundary_hierarchy">
			
			</fsdf-abt:hierarchy>
		</fsdf-abt:GovernanceUnit>
	</gml:featureMember>
</gml:FeatureCollection>
